{
  "dates": [
    "20231207",
    "20231208",
    "20231209",
    "20231210",
    "20231211",
    "20231212",
    "20231213",
    "20231214",
    "20231215",
    "20231216",
    "20231217"
  ],
  "fcstFlag": [
    "o",
    "f",
    "f",
    "f",
    "f",
    "f",
    "f",
    "f",
    "f",
    "f",
    "f"
  ],
  "initSnowDepth": [
    0
  ],
  "initSoilTemp": [
    37.87633514404297
  ],
  "initSWE": [
    0
  ],
  "initPrev24hrsPrecip": [
    0
  ],
  "riskWinter": [
    80,
    0,
    35,
    95,
    95,
    70,
    55,
    30,
    0,
    0,
    0
  ],
  "riskWinter72hr": [
    80,
    95,
    95,
    95,
    95,
    70,
    55,
    30,
    0,
    0,
    0
  ],
  "winterCond": [
    0,
    0,
    0,
    0,
    0,
    0,
    0,
    0,
    0,
    0,
    0
  ],
  "precip": [
    0.1448819637298584,
    0,
    0.027066944167017937,
    0.9690157771110535,
    0.13816982507705688,
    0.004647859372198582,
    0.0020450579468160868,
    0.009842525236308575,
    0,
    0,
    0
  ],
  "RAIM": [
    0.2111121267080307,
    0,
    0.027066944167017937,
    0.9690157771110535,
    0.13816982507705688,
    0.004647859372198582,
    0.0020450579468160868,
    0.009842525236308575,
    0,
    0,
    0
  ],
  "SWE": [
    0.03785409405827522,
    0,
    0,
    0,
    0,
    0,
    0,
    0,
    0,
    0,
    0
  ],
  "maxt": [
    39,
    49,
    55,
    52,
    36,
    39,
    36,
    37,
    43,
    37,
    38
  ],
  "mint": [
    31,
    35,
    47,
    37,
    32,
    31,
    32,
    31,
    33,
    32,
    31
  ],
  "soilTemp2in": [
    36.53255844116211,
    41.33697509765625,
    47.44643783569336,
    45.27505111694336,
    37.894935607910156,
    37.5279541015625,
    36.820465087890625,
    36.28324508666992,
    38.40301513671875,
    37.22058868408203,
    36.21450424194336
  ],
  "soilSaturation2in": [
    0.6610342264175415,
    0.6410751938819885,
    0.6319999098777771,
    0.6975702047348022,
    0.6929773688316345,
    0.6529580354690552,
    0.6382143497467041,
    0.632419764995575,
    0.6281684637069702,
    0.6244343519210815,
    0.6209833025932312
  ],
  "soilSaturation6in": [
    0.6610342264175415,
    0.6410751938819885,
    0.6319999098777771,
    0.6975701451301575,
    0.6929773688316345,
    0.6529580354690552,
    0.6382143497467041,
    0.6324198246002197,
    0.6281684637069702,
    0.6244342923164368,
    0.6209833025932312
  ],
  "soilSaturationSfc10": [
    0.6610342264175415,
    0.6410751938819885,
    0.6319999098777771,
    0.6975702047348022,
    0.6929773688316345,
    0.6529579758644104,
    0.6382143497467041,
    0.6324198246002197,
    0.6281684637069702,
    0.6244342923164368,
    0.6209833025932312
  ]
}